sampleTimeFine,W4_acc_x,W4_acc_y,W4_acc_z,W4_gyro_x,W4_gyro_y,W4_gyro_z,W4_quat_w,W4_quat_x,W4_quat_y,W4_quat_z,W5_acc_x,W5_acc_y,W5_acc_z,W5_gyro_x,W5_gyro_y,W5_gyro_z,W5_quat_w,W5_quat_x,W5_quat_y,W5_quat_z
2480720,-48.59583282470703,-296.638427734375,-97.15601348876952,-2610.869384765625,1023.0302124023438,-1452.9080810546875,0.1782125234603881,-0.3222911357879638,-0.0638644024729728,-0.9275183081626892,195.486572265625,1497.028564453125,753.944091796875,-328.6585693359375,1031.0482177734375,-2678.882568359375,0.041714884340763,-0.1128677651286125,-0.5576226711273193,-0.8213268518447876
2480886,9.75307559967041,0.1066603809595108,1.1442360877990725,0.1161984205245971,0.0473899021744728,0.5634089708328247,0.1782205402851104,-0.3222618699073791,-0.0638085678219795,-0.927530825138092,9.727405548095703,-0.2712159752845764,-0.9286444783210754,-0.335423856973648,-0.607507586479187,0.1455633640289306,0.0416081026196479,-0.112902782857418,-0.5575907230377197,-0.8213491439819336
2481053,9.74337387084961,0.1100435778498649,1.17384672164917,0.2700154483318329,-0.1133874133229255,0.4858152568340301,0.1782469302415847,-0.3224136233329773,-0.0637240409851074,-0.927478849887848,9.718232154846191,-0.2565852105617523,-0.925456404685974,-0.4764859080314636,-0.7894219160079956,0.2981254458427429,0.0409084148705005,-0.1120499595999717,-0.5574124455451965,-0.8216221332550049
2481220,9.761154174804688,0.1231502741575241,1.1753133535385132,0.1870687454938888,-0.2228688895702362,0.5122091174125671,0.1782567203044891,-0.3224753439426422,-0.0636677518486976,-0.9274592399597168,9.751785278320312,-0.2750599980354309,-0.9492450952529908,-0.6491923332214355,-0.9961676001548768,0.1637740135192871,0.0405467711389064,-0.1117933318018913,-0.5572968125343323,-0.8217533826828003
2487720,9.751269340515137,0.1184120550751686,1.1677783727645874,0.4032398760318756,-0.2161583751440048,0.1850965619087219,0.1786999255418777,-0.3260965347290039,-0.0632764175534248,-0.926133632659912,9.736113548278809,-0.3103289604187011,-1.0993833541870115,-0.2070658653974533,0.0441370829939842,0.7957161664962769,0.0313635505735874,-0.108760580420494,-0.5554220676422119,-0.8238287568092346
