sampleTimeFine,W4_acc_x,W4_acc_y,W4_acc_z,W4_gyro_x,W4_gyro_y,W4_gyro_z,W4_quat_w,W4_quat_x,W4_quat_y,W4_quat_z,W5_acc_x,W5_acc_y,W5_acc_z,W5_gyro_x,W5_gyro_y,W5_gyro_z,W5_quat_w,W5_quat_x,W5_quat_y,W5_quat_z
2257732,-49.29335021972656,-427.0132446289063,-858.8722534179688,-1054.8604736328125,845.919189453125,-1034.4019775390625,0.5134283900260925,-0.2216548472642898,-0.3547073006629944,-0.7492951154708862,-698.608642578125,-531.4122924804688,-38.003814697265625,2.7865700721740723,102.20500183105467,-821.8466186523438,0.2193689793348312,-0.4866063296794891,-0.5455816388130188,-0.6460900902748108
2257898,9.670987129211426,0.6346372961997986,1.5739781856536863,0.5641581416130066,-0.3751940429210663,0.132468894124031,0.5133935809135437,-0.221632182598114,-0.3547398149967193,-0.7493103742599487,9.66007137298584,0.2345286160707473,-1.1826289892196655,-1.4269222021102903,-2.7448878288269043,2.2544236183166504,0.2192245721817016,-0.4870434701442718,-0.5454144477844238,-0.6459509134292603
2258065,9.663269996643066,0.6297164559364319,1.5638039112091064,0.570273220539093,-0.2563318908214569,0.396298885345459,0.5133280754089355,-0.2219749540090561,-0.3550795316696167,-0.7490926384925842,9.588659286499023,0.206777349114418,-1.2177796363830566,-1.7041285037994385,-2.8382973670959477,2.1424319744110107,0.2192615270614624,-0.4877186417579651,-0.5451350808143616,-0.6456646919250488
2258232,9.686930656433104,0.6316902041435242,1.5662752389907837,0.5631015300750732,-0.4503992795944214,0.2666217684745788,0.5132800340652466,-0.222101092338562,-0.3552311062812805,-0.7490164637565613,9.58619785308838,0.1922255009412765,-1.2212891578674316,-1.712106466293335,-3.3577351570129395,1.7048259973526,0.2190679311752319,-0.4882533550262451,-0.544967532157898,-0.6454674601554871
2265899,9.686474800109863,0.6133354902267456,1.5293539762496948,0.8919174075126648,-0.0735212489962577,0.2589636147022247,0.5125709772109985,-0.2280328869819641,-0.3606775104999542,-0.7451066374778748,9.728662490844728,0.201478436589241,-1.184108018875122,-0.4398340582847595,0.5222365260124207,0.499428391456604,0.2274678200483322,-0.4917609393596649,-0.5398141145706177,-0.6442286968231201
